id,count,eng,oam,start,end,eng01,event,tag,,,
1,97,3.951424393,383.2881662,2012/1/1,2012/1/7,0.314894435,,,,备注,
2,127,5.224211903,663.4749117,2012/1/8,2012/1/14,0.436482372,,,,1,Online activities
3,93,4.202902575,390.8699395,2012/1/15,2012/1/21,0.338917858,,,,2,International conferences 
4,64,1.927985276,123.3910576,2012/1/22,2012/1/29,0.121597607,,,,3,Extreme weather
5,151,4.775993645,721.1750404,2012/1/30,2012/2/5,0.393664593,,,,4,Domestic policy
6,203,5.134072944,1042.216808,2012/2/6,2012/2/12,0.4278715,,,,5,International news
7,160,5.051982497,808.3171995,2012/2/13,2012/2/19,0.420029493,,,,,
8,151,4.396525096,663.8752894,2012/2/20,2012/2/26,0.357414396,,,,,
9,225,5.125494047,1153.236161,2012/2/27,2012/3/4,0.427051967,,,,,
10,234,4.999673121,1169.92351,2012/3/5,2012/3/11,0.415032438,,,,,
11,263,5.678163805,1493.357081,2012/3/12,2012/3/18,0.479847878,,,,,
12,315,5.54498778,1746.671151,2012/3/19,2012/3/25,0.467125725,,,,,
13,458,6.466856852,2961.820438,2012/3/26,2012/4/2,0.555190824,1,1,,,
14,234,5.407681207,1265.397402,2012/4/3,2012/4/9,0.454008985,,,,,
15,210,4.43265968,930.8585327,2012/4/10,2012/4/16,0.360866292,,,,,
16,228,5.876219959,1339.778151,2012/4/17,2012/4/23,0.498767956,,,,,
17,207,4.363134377,903.168816,2012/4/24,2012/4/30,0.354224619,,,,,
18,190,5.180896952,984.3704209,2012/5/1,2012/5/7,0.432344544,,,,,
19,175,4.590232485,803.2906848,2012/5/8,2012/5/14,0.375919042,,,,,
20,238,5.266080042,1253.32705,2012/5/15,2012/5/21,0.440481987,,,,,
21,437,5.525113068,2414.474411,2012/5/22,2012/5/28,0.465227116,2,1,,,
22,233,4.782301664,1114.276288,2012/5/29,2012/6/4,0.394267191,,,,,
23,189,5.021690517,949.0995077,2012/6/5,2012/6/11,0.417135735,,,,,
24,218,4.831230969,1053.208351,2012/6/12,2012/6/18,0.398941352,,,,,
25,223,5.368288401,1197.128313,2012/6/19,2012/6/25,0.450245835,,,,,
26,178,5.006119963,891.0893535,2012/6/26,2012/7/2,0.415648298,,,,,
27,192,4.508766069,865.6830853,2012/7/3,2012/7/9,0.368136648,,,,,
28,202,4.367165373,882.1674054,2012/7/10,2012/7/16,0.354609695,,,,,
29,211,4.89892471,1033.673114,2012/7/17,2012/7/23,0.405408057,,,,,
30,237,6.276013581,1487.415219,2012/7/24,2012/7/30,0.536959784,,,,,
31,238,5.542806013,1319.187831,2012/7/31,2012/8/6,0.466917303,,,,,
32,271,5.3982286,1462.919951,2012/8/7,2012/8/13,0.453105988,,,,,
33,227,5.032955938,1142.480998,2012/8/14,2012/8/20,0.418211908,,,,,
34,215,5.405399494,1162.160891,2012/8/21,2012/8/27,0.453791015,,,,,
35,186,5.009798249,931.8224743,2012/8/28,2012/9/3,0.41599968,,,,,
36,161,4.233613054,681.6117017,2012/9/4,2012/9/10,0.341851595,,,,,
37,464,4.251550287,1972.719333,2012/9/11,2012/9/17,0.343565118,3,3,,,
38,239,5.097727566,1218.356888,2012/9/18,2012/9/24,0.424399467,,,,,
39,229,5.127045815,1174.093492,2012/9/25,2012/10/2,0.427200206,,,,,
40,207,5.208676357,1078.196006,2012/10/3,2012/10/9,0.434998279,,,,,
41,217,5.268854033,1143.341325,2012/10/10,2012/10/16,0.440746983,,,,,
42,195,5.86805584,1144.270889,2012/10/17,2012/10/23,0.497988047,,,,,
43,242,5.560946794,1345.749124,2012/10/24,2012/10/30,0.468650271,,,,,
44,370,3.774205563,1396.456058,2012/10/31,2012/11/7,0.297964922,,,,,
45,237,5.222438967,1237.718035,2012/11/8,2012/11/14,0.436313005,,,,,
46,374,6.502661906,2431.995553,2012/11/15,2012/11/21,0.55861124,,,,,
47,275,5.775555466,1588.277753,2012/11/22,2012/11/28,0.489151592,,,,,
48,437,5.971401713,2609.502549,2012/11/29,2012/12/5,0.507860561,4,2,,,
49,317,6.2069814,1967.613104,2012/12/6,2012/12/12,0.530365219,,,,,
50,215,5.560492957,1195.505986,2012/12/13,2012/12/19,0.468606916,,,,,
51,135,5.005884616,675.7944231,2012/12/20,2012/12/26,0.415625815,,,,,
52,142,4.392932612,623.796431,2012/12/27,2013/1/3,0.35707121,,,,,
53,273,5.17116754,1411.728738,2013/1/4,2013/1/10,0.431415104,,,,,
54,201,5.069396901,1018.948777,2013/1/11,2013/1/17,0.421693071,,,,,
55,242,8.352158811,2021.222432,2013/1/18,2013/1/25,0.735291567,5,4,,,
56,219,5.594880482,1225.278826,2013/1/26,2013/2/1,0.471891917,,,,,
57,199,5.168874429,1028.606011,2013/2/2,2013/2/8,0.431196046,,,,,
58,132,3.449833881,455.3780723,2013/2/9,2013/2/15,0.266978066,,,,,
59,202,5.126482482,1035.549461,2013/2/16,2013/2/22,0.427146392,,,,,
60,184,5.296503773,974.5566942,2013/2/23,2013/3/1,0.443388331,,,,,
61,202,4.797132584,969.020782,2013/3/2,2013/3/8,0.395683972,,,,,
62,257,5.560873321,1429.144444,2013/3/9,2013/3/15,0.468643252,,,,,
63,468,6.231481683,2916.333427,2013/3/16,2013/3/23,0.532705703,6,1,,,
64,268,5.66920998,1519.348275,2013/3/25,2013/3/31,0.47899253,,,,,
65,194,5.1402255,997.2037471,2013/4/1,2013/4/7,0.428459246,,,,,
66,255,5.265423817,1342.683073,2013/4/8,2013/4/14,0.440419299,,,,,
67,314,5.225343507,1640.757861,2013/4/16,2013/4/24,0.436590472,,,,,
68,203,6.320793129,1283.121005,2013/4/26,2013/5/3,0.541237523,,,,,
69,185,5.093855899,942.3633412,2013/5/4,2013/5/12,0.424029611,,,,,
70,277,6.25775773,1733.398891,2013/5/14,2013/5/23,0.535215824,,,,,
71,232,6.175239564,1432.655579,2013/5/24,2013/5/30,0.527332958,,,,,
72,384,6.814126397,2616.624536,2013/5/31,2013/6/7,0.588365087,7,1,,,
73,197,5.949057839,1171.964394,2013/6/8,2013/6/14,0.505726076,,,,,
74,273,5.896259662,1609.678888,2013/6/15,2013/6/23,0.500682326,,,,,
75,206,5.421182115,1116.763516,2013/6/24,2013/6/30,0.455298711,,,,,
76,172,5.099423171,877.1007853,2013/7/1,2013/7/7,0.424561446,,,,,
77,193,5.60489434,1081.744608,2013/7/8,2013/7/16,0.47284853,,,,,
78,294,5.573824088,1638.704282,2013/7/17,2013/7/27,0.469880424,,,,,
79,206,5.955036931,1226.737608,2013/7/28,2013/8/4,0.506297252,,,,,
80,269,5.198560278,1438.12477,2013/8/6,2013/8/15,0.434031901,,,,,
81,224,5.52746133,1238.151338,2013/8/16,2013/8/22,0.465451443,,,,,
82,163,5.310163305,865.5566187,2013/8/23,2013/8/29,0.444693211,,,,,
83,166,5.586712735,927.3943141,2013/8/30,2013/9/5,0.471111662,,,,,
84,182,4.811597682,875.7107781,2013/9/6,2013/9/13,0.397065806,,,,,
85,214,6.136965411,1313.310598,2013/9/14,2013/9/21,0.523676672,,,,,
86,270,5.85678705,1581.332503,2013/9/22,2013/9/30,0.496911553,,,,,
87,186,5.635956042,1048.287824,2013/10/1,2013/10/9,0.475815819,,,,,
88,332,5.304537147,1761.106333,2013/10/11,2013/10/19,0.44415575,,,,,
89,240,6.537829202,1569.079008,2013/10/20,2013/10/27,0.561970732,,,,,
90,626,6.161171462,3856.893335,2013/10/29,2013/11/9,0.525989048,8,3,,,
91,504,6.478319795,3265.073177,2013/11/10,2013/11/22,0.556285866,,,,,
92,350,6.196153779,2168.653823,2013/11/24,2013/12/6,0.529330869,,,,,
93,243,4.944973534,1201.628569,2013/12/8,2013/12/16,0.409807049,,,,,
94,180,4.992410741,898.6339334,2013/12/17,2013/12/23,0.414338671,,,,,
95,219,5.01099073,1097.40697,2013/12/24,2013/12/30,0.416113596,,,,,
96,141,4.983033247,702.6076878,2013/12/31,2014/1/6,0.41344285,,,,,
97,224,5.01501204,1123.362697,2014/1/7,2014/1/13,0.416497748,,,,,
98,489,4.305121206,2105.20427,2014/1/14,2014/1/20,0.348682687,9,3,,,
99,189,5.345558295,1010.310518,2014/1/21,2014/1/27,0.448074454,,,,,
100,56,4.104984279,229.8791196,2014/1/28,2014/2/3,0.329563835,,,,,
101,218,5.341651308,1164.479985,2014/2/4,2014/2/12,0.447701224,,,,,
102,184,5.438134505,1000.616749,2014/2/13,2014/2/21,0.456918153,,,,,
103,206,5.707325053,1175.708961,2014/2/22,2014/3/1,0.482633619,,,,,
104,173,5.423968046,938.346472,2014/3/2,2014/3/8,0.455564848,,,,,
105,191,5.298946927,1012.098863,2014/3/10,2014/3/17,0.443621723,,,,,
106,282,6.182899784,1743.577739,2014/3/18,2014/3/25,0.52806473,,,,,
107,446,4.586801061,2045.713273,2014/3/26,2014/4/2,0.375591242,10,1,,,
108,165,5.094696957,840.6249979,2014/4/3,2014/4/10,0.424109957,,,,,
109,235,5.797723574,1362.46504,2014/4/11,2014/4/17,0.491269286,,,,,
110,225,6.19984991,1394.96623,2014/4/18,2014/4/24,0.529683956,,,,,
111,206,4.972701494,1024.376508,2014/4/25,2014/5/2,0.412455869,,,,,
112,207,5.562244037,1151.384516,2014/5/3,2014/5/9,0.468774195,,,,,
113,252,10.17168613,2563.264905,2014/5/10,2014/5/16,0.909108933,11,5,,,
114,214,4.610350346,986.6149741,2014/5/17,2014/5/23,0.377840878,,,,,
115,257,4.946516047,1271.254624,2014/5/24,2014/5/30,0.409954404,,,,,
116,192,5.569318032,1069.309062,2014/5/31,2014/6/6,0.469449966,,,,,
117,265,5.091450778,1349.234456,2014/6/7,2014/6/14,0.423799853,,,,,
118,190,5.530441821,1050.783946,2014/6/15,2014/6/21,0.465736166,,,,,
119,216,4.903566421,1059.170347,2014/6/22,2014/6/28,0.405851475,,,,,
120,156,4.335140858,676.2819738,2014/6/29,2014/7/5,0.35155043,,,,,
121,235,5.225886644,1228.083361,2014/7/6,2014/7/12,0.436642358,,,,,
122,439,5.387003333,2364.894463,2014/7/13,2014/7/19,0.452033651,12,3,,,
123,209,4.930403921,1030.454419,2014/7/20,2014/7/26,0.408415231,,,,,
124,188,4.502052469,846.3858642,2014/7/27,2014/8/2,0.367495306,,,,,
125,195,4.607358899,898.4349854,2014/8/3,2014/8/9,0.377555109,,,,,
126,230,4.760072903,1094.816768,2014/8/10,2014/8/16,0.392143703,,,,,
127,160,4.88995255,782.3924081,2014/8/17,2014/8/23,0.404550957,,,,,
128,187,4.519281101,845.1055659,2014/8/24,2014/8/30,0.369141137,,,,,
129,238,4.856655686,1155.884053,2014/8/31,2014/9/6,0.401370146,,,,,
130,228,6.049978629,1379.395127,2014/9/7,2014/9/13,0.515366924,,,,,
131,300,6.283067679,1884.920304,2014/9/14,2014/9/20,0.537633654,,,,,
132,402,6.622017521,2662.051043,2014/9/21,2014/9/27,0.570013146,13,2,,,
133,259,5.285178071,1368.861121,2014/9/28,2014/10/4,0.4423064,,,,,
134,237,5.505079009,1304.703725,2014/10/5,2014/10/11,0.463313285,,,,,
135,277,4.759697091,1318.436094,2014/10/12,2014/10/18,0.392107802,,,,,
136,252,5.214275767,1313.997493,2014/10/19,2014/10/25,0.435533184,,,,,
137,325,5.046131644,1639.992784,2014/10/26,2014/11/1,0.419470568,,,,,
138,443,5.990941464,2653.987069,2014/11/2,2014/11/8,0.509727171,14,4,,,
139,375,6.082931125,2281.099172,2014/11/9,2014/11/15,0.518514838,,,,,
140,374,6.004840634,2245.810397,2014/11/16,2014/11/22,0.511054942,,,,,
141,373,5.587559991,2084.159877,2014/11/23,2014/11/29,0.471192599,,,,,
142,396,5.702266393,2258.097492,2014/11/30,2014/12/6,0.482150371,,,,,
143,346,6.125180315,2119.312389,2014/12/7,2014/12/13,0.522550855,,,,,
144,340,5.548096471,1886.3528,2014/12/14,2014/12/20,0.467422694,,,,,
145,179,6.142553872,1099.517143,2014/12/21,2014/12/27,0.524210531,,,,,
146,117,4.436246462,519.0408361,2014/12/28,2015/1/3,0.361208933,,,,,
147,126,4.545395355,572.7198147,2015/1/4,2015/1/10,0.371635802,,,,,
148,164,5.721805959,938.3761773,2015/1/11,2015/1/17,0.484016963,,,,,
149,207,5.208808533,1078.223366,2015/1/18,2015/1/24,0.435010905,,,,,
150,135,3.945748453,532.6760411,2015/1/25,2015/1/31,0.314352218,,,,,
151,186,5.450841367,1013.856494,2015/2/1,2015/2/7,0.458132025,,,,,
152,109,5.011374266,546.239795,2015/2/8,2015/2/17,0.416150235,,,,,
153,113,4.956804088,560.118862,2015/2/19,2015/3/1,0.410937208,,,,,
154,220,5.954045931,1309.890105,2015/3/2,2015/3/13,0.506202583,,,,,
155,502,5.864888738,2944.174146,2015/3/15,2015/3/25,0.497685498,15,1,,,
156,190,5.676084595,1078.456073,2015/3/26,2015/4/1,0.479649254,,,,,
157,105,4.881378773,512.5447711,2015/4/2,2015/4/9,0.403731914,,,,,
158,115,4.628014276,532.2216417,2015/4/10,2015/4/16,0.379528293,,,,,
159,258,5.389406673,1390.466922,2015/4/18,2015/4/30,0.452263239,,,,,
160,155,4.605666173,713.8782568,2015/5/1,2015/5/11,0.377393404,,,,,
161,129,4.863610998,627.4058188,2015/5/12,2015/5/18,0.402034579,,,,,
162,82,4.261839947,349.4708757,2015/5/19,2015/5/25,0.344548078,,,,,
163,136,5.293597587,719.9292719,2015/5/26,2015/6/2,0.443110707,,,,,
164,139,5.679345457,789.4290185,2015/6/3,2015/6/10,0.47996076,,,,,
165,196,5.256303172,1030.235422,2015/6/11,2015/6/18,0.439548014,,,,,
166,165,5.94015513,980.1255965,2015/6/19,2015/6/25,0.50487561,,,,,
167,241,9.966138047,2401.839269,2015/6/26,2015/7/4,0.88947316,16,5,,,
168,114,4.479525347,510.6658896,2015/7/5,2015/7/11,0.365343315,,,,,
169,91,4.275424289,389.0636103,2015/7/13,2015/7/19,0.345845774,,,,,
170,119,4.748624232,565.0862836,2015/7/20,2015/7/27,0.391050025,,,,,
171,139,5.373520288,746.91932,2015/7/29,2015/8/6,0.450745631,,,,,
172,113,4.923374871,556.3413604,2015/8/8,2015/8/16,0.407743753,,,,,
173,70,3.736965645,261.5875951,2015/8/17,2015/8/23,0.294407435,,,,,
174,118,5.062546623,597.3805015,2015/8/24,2015/8/30,0.421038672,,,,,
175,135,7.977172033,1076.918224,2015/8/31,2015/9/6,0.699469508,,,,,
176,143,5.095486296,728.6545403,2015/9/7,2015/9/13,0.424185361,,,,,
177,162,6.177150631,1000.698402,2015/9/14,2015/9/20,0.52751552,,,,,
178,259,10.87767959,2817.319013,2015/9/21,2015/9/28,0.976551682,17,2,,,
179,229,6.214904208,1423.213064,2015/9/29,2015/10/6,0.531122076,,,,,
180,190,5.02340727,954.4473814,2015/10/7,2015/10/13,0.417299734,,,,,
181,257,5.963675275,1532.664546,2015/10/14,2015/10/20,0.507122463,,,,,
182,198,5.006829429,991.352227,2015/10/21,2015/10/27,0.415716072,,,,,
183,225,5.574932522,1254.359817,2015/10/28,2015/11/3,0.469986312,,,,,
184,341,6.400855203,2182.691624,2015/11/4,2015/11/10,0.548885762,,,,,
185,302,5.774294036,1743.836799,2015/11/11,2015/11/17,0.489031089,,,,,
186,530,6.517568705,3454.311414,2015/11/18,2015/11/26,0.560035269,,,,,
187,711,7.621796991,5419.097661,2015/11/28,2015/12/7,0.665520936,18,2,,,
188,553,7.959920113,4401.835823,2015/12/8,2015/12/15,0.697821452,,,,,
189,387,7.10114687,2748.143839,2015/12/16,2015/12/22,0.615783825,,,,,
190,328,5.567703155,1826.206635,2015/12/23,2015/12/29,0.469295698,,,,,
191,218,5.844700356,1274.144678,2015/12/30,2016/1/5,0.495756925,,,,,
192,196,5.322133639,1043.138193,2016/1/6,2016/1/12,0.445836723,,,,,
193,196,5.532768907,1084.422706,2016/1/13,2016/1/19,0.46595847,,,,,
194,247,6.274509203,1549.803773,2016/1/20,2016/1/26,0.536816073,,,,,
195,222,5.753218182,1277.214436,2016/1/27,2016/2/2,0.487017737,,,,,
196,161,5.305552369,854.1939314,2016/2/3,2016/2/9,0.444252733,,,,,
197,160,5.566472279,890.6355647,2016/2/10,2016/2/16,0.469178114,,,,,
198,276,5.560534518,1534.707527,2016/2/17,2016/2/23,0.468610887,,,,,
199,265,7.268402384,1926.126632,2016/2/24,2016/3/1,0.631761553,,,,,
200,258,5.967510991,1539.617836,2016/3/2,2016/3/8,0.507488884,,,,,
201,254,5.462831441,1387.559186,2016/3/9,2016/3/15,0.459277423,,,,,
202,650,6.829649504,4439.272178,2016/3/16,2016/3/22,0.589847992,19,1,,,
203,436,7.235353416,3154.614089,2016/3/23,2016/3/29,0.628604423,,,,,
204,280,5.875700164,1645.196046,2016/3/30,2016/4/5,0.498718301,,,,,
205,241,5.706672118,1375.30798,2016/4/6,2016/4/12,0.482571245,,,,,
206,276,6.008626556,1658.380929,2016/4/13,2016/4/19,0.511416607,,,,,
207,391,5.600858262,2189.935581,2016/4/20,2016/4/26,0.472462968,,,,,
208,146,5.627228425,821.57535,2016/4/27,2016/5/3,0.474982079,,,,,
209,191,5.771754273,1102.405066,2016/5/4,2016/5/10,0.488788469,,,,,
210,230,5.19812695,1195.569198,2016/5/11,2016/5/17,0.433990506,,,,,
211,213,5.923873088,1261.784968,2016/5/18,2016/5/24,0.503320205,,,,,
212,206,5.599310139,1153.457889,2016/5/25,2016/5/31,0.472315078,,,,,
213,273,5.859983032,1599.775368,2016/6/1,2016/6/7,0.497216861,,,,,
214,202,5.324657449,1075.580805,2016/6/8,2016/6/14,0.44607782,,,,,
215,249,6.124415896,1524.979558,2016/6/15,2016/6/21,0.522477831,,,,,
216,212,5.979347684,1267.621709,2016/6/22,2016/6/28,0.50861963,,,,,
217,145,4.420728334,641.0056085,2016/6/29,2016/7/5,0.359726504,,,,,
218,240,6.118957379,1468.549771,2016/7/6,2016/7/12,0.521956385,,,,,
219,556,5.516346625,3067.088724,2016/7/13,2016/7/19,0.464389668,20,3,,,
220,187,6.430966291,1202.590696,2016/7/20,2016/7/26,0.55176224,,,,,
221,153,5.250012227,803.2518707,2016/7/27,2016/8/2,0.438947047,,,,,
222,118,5.620257231,663.1903532,2016/8/3,2016/8/9,0.474316129,,,,,
223,147,5.127540488,753.7484517,2016/8/10,2016/8/16,0.427247462,,,,,
224,160,5.485921489,877.7474382,2016/8/17,2016/8/23,0.461483189,,,,,
225,264,6.263291583,1653.508978,2016/8/24,2016/8/30,0.535744466,,,,,
226,604,8.214104287,4961.318989,2016/8/31,2016/9/7,0.722103376,21,2,,,
227,228,6.614144925,1508.025043,2016/9/8,2016/9/14,0.569261085,,,,,
228,223,6.738463142,1502.677281,2016/9/15,2016/9/21,0.581137063,,,,,
229,211,6.560397854,1384.243947,2016/9/22,2016/9/28,0.564126689,,,,,
230,172,6.106737495,1050.358849,2016/9/29,2016/10/5,0.520789033,,,,,
231,292,6.637982943,1938.291019,2016/10/6,2016/10/12,0.571538304,,,,,
232,396,6.174264598,2445.008781,2016/10/13,2016/10/19,0.52723982,,,,,
233,252,6.080440338,1532.270965,2016/10/20,2016/10/26,0.518276896,,,,,
234,240,7.054500075,1693.080018,2016/10/27,2016/11/2,0.61132771,,,,,
235,416,7.26646722,3022.850364,2016/11/3,2016/11/9,0.631576689,,,,,
236,422,9.420143436,3975.30053,2016/11/10,2016/11/16,0.837314918,22,2,,,
237,374,7.703042481,2880.937888,2016/11/17,2016/11/23,0.673282225,,,,,
238,244,6.292863442,1535.45868,2016/11/24,2016/11/30,0.538569432,,,,,
239,359,8.119709461,2914.975697,2016/12/1,2016/12/7,0.713085946,,,,,
240,235,5.912933935,1389.539475,2016/12/8,2016/12/14,0.5022752,,,,,
241,230,6.215315372,1429.522536,2016/12/15,2016/12/21,0.531161354,,,,,
242,244,6.830734592,1666.699241,2016/12/22,2016/12/28,0.589951649,,,,,
243,140,5.124977925,717.4969095,2016/12/29,2017/1/7,0.427002663,,,,,
244,175,5.560815704,973.1427481,2017/1/8,2017/1/14,0.468637748,,,,,
245,168,5.802112187,974.7548475,2017/1/15,2017/1/21,0.491688526,,,,,
246,122,5.399059752,658.6852898,2017/1/22,2017/1/28,0.453185387,,,,,
247,102,5.845465626,596.2374938,2017/1/29,2017/2/4,0.49583003,,,,,
248,172,5.768070161,992.1080677,2017/2/5,2017/2/11,0.48843653,,,,,
249,180,5.621237051,1011.822669,2017/2/12,2017/2/18,0.47440973,,,,,
250,171,5.295204608,905.479988,2017/2/19,2017/2/25,0.443264224,,,,,
251,246,7.06388061,1737.71463,2017/2/26,2017/3/4,0.612223822,,,,,
252,173,5.253921092,908.928349,2017/3/5,2017/3/11,0.439320456,,,,,
253,176,6.390064875,1124.651418,2017/3/12,2017/3/18,0.547854974,,,,,
254,495,5.91542358,2928.134672,2017/3/19,2017/3/25,0.502513033,23,1,,,
255,282,5.890894671,1661.232297,2017/3/26,2017/4/1,0.500169815,,,,,
256,136,5.628542088,765.4817239,2017/4/2,2017/4/8,0.475107572,,,,,
257,191,5.008978051,956.7148078,2017/4/9,2017/4/15,0.415921327,,,,,
258,160,6.043366978,966.9387165,2017/4/16,2017/4/22,0.51473532,,,,,
259,144,5.549723244,799.1601471,2017/4/23,2017/4/29,0.467578098,,,,,
260,139,6.968150739,968.5729528,2017/4/30,2017/5/6,0.603078857,,,,,
261,168,5.96579499,1002.253558,2017/5/7,2017/5/13,0.507324957,,,,,
262,153,5.677396175,868.6416147,2017/5/14,2017/5/20,0.479774547,,,,,
263,289,8.278213628,2392.403738,2017/5/21,2017/5/27,0.728227668,,,,,
264,353,7.629642092,2693.263658,2017/5/28,2017/6/3,0.66627037,24,5,,,
265,249,6.785699487,1689.639172,2017/6/4,2017/6/10,0.585649497,,,,,
266,253,6.696796546,1694.289526,2017/6/11,2017/6/17,0.5771567,,,,,
267,173,6.417840963,1110.286487,2017/6/18,2017/6/24,0.550508392,,,,,
268,184,5.736994928,1055.607067,2017/6/25,2017/7/1,0.485467948,,,,,
269,257,6.871035081,1765.856016,2017/7/2,2017/7/8,0.593801509,,,,,
270,245,6.495998688,1591.519679,2017/7/9,2017/7/15,0.55797471,,,,,
271,201,6.88447938,1383.780355,2017/7/16,2017/7/22,0.595085827,,,,,
272,143,6.136892924,877.5756881,2017/7/23,2017/7/29,0.523669747,,,,,
273,187,6.829053357,1277.032978,2017/7/30,2017/8/5,0.589791043,,,,,
274,260,6.499134487,1689.774967,2017/8/6,2017/8/12,0.55827427,,,,,
275,174,5.986422208,1041.637464,2017/8/13,2017/8/19,0.509295451,,,,,
276,173,5.832401794,1009.00551,2017/8/20,2017/8/26,0.494582057,,,,,
277,208,6.010928128,1250.273051,2017/8/27,2017/9/2,0.511636474,,,,,
278,307,6.621154327,2032.694379,2017/9/3,2017/9/9,0.569930686,,,,,
279,246,6.128622468,1507.641127,2017/9/10,2017/9/16,0.52287968,,,,,
280,638,5.122866413,3268.388771,2017/9/17,2017/9/23,0.426800953,25,1,,,
281,293,6.720602775,1969.136613,2017/9/24,2017/9/30,0.579430882,,,,,
282,95,5.345849888,507.8557393,2017/10/1,2017/10/7,0.448102309,,,,,
283,264,6.132465016,1618.970764,2017/10/8,2017/10/14,0.523246754,,,,,
284,286,6.34489734,1814.640639,2017/10/15,2017/10/21,0.543540171,,,,,
285,252,5.896868766,1486.010929,2017/10/22,2017/10/28,0.500740513,,,,,
286,327,6.825285802,2231.868457,2017/10/29,2017/11/4,0.589431132,,,,,
287,437,4.833424929,2112.206694,2017/11/5,2017/11/11,0.399150938,,,,,
288,483,0.655096542,316.4116296,2017/11/12,2017/11/18,0,,,,,
289,353,7.07580984,2497.760874,2017/11/19,2017/11/25,0.613363407,,,,,
290,235,5.797534521,1362.420612,2017/11/26,2017/12/2,0.491251226,,,,,
291,323,7.336111991,2369.564173,2017/12/3,2017/12/9,0.638229775,,,,,
292,458,8.49286566,3889.732472,2017/12/10,2017/12/16,0.748733131,26,2,,,
293,256,6.317482307,1617.275471,2017/12/17,2017/12/23,0.540921244,,,,,
294,263,6.281857434,1652.128505,2017/12/24,2017/12/30,0.537518041,,,,,
295,224,5.464122205,1223.963374,2018/1/1,2018/1/7,0.459400729,,,,,
296,342,7.904540713,2703.352924,2018/1/8,2018/1/14,0.692531121,,,,,
297,242,6.304351137,1525.652975,2018/1/15,2018/1/21,0.539666839,,,,,
298,323,6.333995907,2045.880678,2018/1/22,2018/1/28,0.54249877,,,,,
299,288,6.437504432,1854.001276,2018/1/29,2018/2/4,0.552386821,,,,,
300,302,6.344148118,1915.932732,2018/2/5,2018/2/11,0.543468599,,,,,
301,97,4.842809333,469.7525053,2018/2/12,2018/2/18,0.40004742,,,,,
302,108,4.66657415,503.9900082,2018/2/19,2018/2/25,0.383211874,,,,,
303,405,8.078743042,3271.890932,2018/2/26,2018/3/4,0.709172471,,,,,
304,470,6.936507422,3260.158488,2018/3/5,2018/3/11,0.600056007,,,,,
305,655,7.333632757,4803.529456,2018/3/12,2018/3/18,0.637992936,,,,,
306,886,8.601816295,7621.209237,2018/3/19,2018/3/25,0.759141061,,,,,
307,651,6.489676595,4224.779463,2018/3/26,2018/4/1,0.557370768,,,,,
308,615,6.750615826,4151.628733,2018/4/2,2018/4/8,0.582297995,,,,,
309,694,6.337257007,4398.056363,2018/4/9,2018/4/15,0.542810299,,,,,
310,667,7.435537499,4959.503512,2018/4/16,2018/4/22,0.64772778,27,4,,,
311,689,7.897228423,5441.190383,2018/4/23,2018/4/29,0.691832586,,,,,
312,602,7.321416747,4407.492882,2018/4/30,2018/5/6,0.636825955,,,,,
313,647,6.825125784,4415.856382,2018/5/7,2018/5/13,0.589415846,,,,,
314,546,6.300710878,3440.188139,2018/5/14,2018/5/20,0.539319089,,,,,
315,587,6.424452169,3771.153423,2018/5/21,2018/5/27,0.551139953,,,,,
316,535,6.353217738,3398.97149,2018/5/28,2018/6/3,0.544335009,,,,,
317,589,6.956164312,4097.18078,2018/6/4,2018/6/10,0.601933807,,,,,
318,734,9.066212265,6654.599803,2018/6/11,2018/6/17,0.803504278,28,4,,,
319,506,6.310666001,3193.196997,2018/6/18,2018/6/24,0.540270091,,,,,
320,497,6.660577163,3310.30685,2018/6/25,2018/7/1,0.573696704,,,,,
321,527,6.525225734,3438.793962,2018/7/2,2018/7/8,0.560766737,,,,,
322,593,6.052722417,3589.264393,2018/7/9,2018/7/15,0.515629035,,,,,
323,508,6.216513666,3157.988942,2018/7/16,2018/7/22,0.531275825,,,,,
324,521,6.570467427,3423.213529,2018/7/23,2018/7/29,0.565088624,,,,,
325,865,7.612723986,6585.006248,2018/7/30,2018/8/5,0.664654203,29,3,,,
326,761,7.097544437,5401.231317,2018/8/6,2018/8/12,0.615439689,,,,,
327,490,6.682095849,3274.226966,2018/8/13,2018/8/19,0.57575236,,,,,
328,543,7.109050064,3860.214185,2018/8/20,2018/8/26,0.616538808,,,,,
329,581,6.605098759,3837.562379,2018/8/27,2018/9/2,0.568396916,,,,,
330,751,5.16660998,3880.124095,2018/9/3,2018/9/9,0.430979726,,,,,
331,739,5.919435017,4374.462478,2018/9/10,2018/9/16,0.502896241,,,,,
332,660,6.450184858,4257.122006,2018/9/17,2018/9/23,0.553598168,,,,,
333,624,6.282208615,3920.098176,2018/9/24,2018/9/30,0.537551589,,,,,
334,466,5.57034531,2595.780915,2018/10/1,2018/10/7,0.469548101,,,,,
335,1100,4.720561669,5192.617836,2018/10/9,2018/10/15,0.38836924,,,,,
336,705,7.195370563,5072.736247,2018/10/16,2018/10/22,0.624784907,,,,,
337,845,6.549019339,5533.921342,2018/10/23,2018/10/29,0.563039713,,,,,
338,701,6.814405872,4776.898516,2018/10/30,2018/11/5,0.588391785,,,,,
339,617,6.241430627,3850.962697,2018/11/6,2018/11/12,0.533656114,,,,,
340,677,7.613344965,5154.234541,2018/11/13,2018/11/19,0.664713524,,,,,
341,759,7.425789867,5636.174509,2018/11/20,2018/11/26,0.6467966,,,,,
342,1011,8.01671217,8104.896004,2018/11/27,2018/12/3,0.703246732,,,,,
343,1125,8.032202468,9036.227777,2018/12/4,2018/12/10,0.704726503,30,2,,,
344,899,8.03194548,7220.718986,2018/12/11,2018/12/17,0.704701953,,,,,
345,983,8.29407704,8153.07773,2018/12/18,2018/12/24,0.729743082,,,,,
346,555,7.310157931,4057.137652,2018/12/25,2019/1/2,0.635750413,,,,,
347,529,6.497096606,3436.964104,2019/1/3,2019/1/9,0.558079593,,,,,
348,475,6.354241457,3018.264692,2019/1/10,2019/1/16,0.544432804,,,,,
349,669,7.996441163,5349.619138,2019/1/17,2019/1/23,0.701310266,,,,,
350,626,7.069524075,4425.522071,2019/1/24,2019/1/30,0.612762936,,,,,
351,520,6.34029595,3296.953894,2019/1/31,2019/2/6,0.543100606,,,,,
352,507,7.185139074,3642.865511,2019/2/7,2019/2/13,0.623807504,,,,,
353,409,6.585047321,2693.284354,2019/2/14,2019/2/20,0.566481425,,,,,
354,830,7.863632789,6526.815215,2019/2/21,2019/2/27,0.688623234,,,,,
355,544,8.131470861,4423.520148,2019/2/28,2019/3/6,0.714209499,,,,,
356,534,6.601205904,3525.043953,2019/3/7,2019/3/13,0.568025036,,,,,
357,700,7.31722644,5122.058508,2019/3/14,2019/3/20,0.63642566,,,,,
358,1153,6.427640141,7411.069082,2019/3/21,2019/3/27,0.551444496,31,1,,,
359,872,7.250037854,6322.033009,2019/3/28,2019/4/3,0.630007211,,,,,
360,661,7.58472374,5013.502392,2019/4/4,2019/4/10,0.661979371,,,,,
361,491,7.173415574,3522.147047,2019/4/11,2019/4/17,0.622687572,,,,,
362,764,7.802822701,5961.356544,2019/4/18,2019/4/24,0.682814116,,,,,
363,541,6.551939719,3544.599388,2019/4/25,2019/5/1,0.563318693,,,,,
364,511,6.95110747,3552.015917,2019/5/2,2019/5/8,0.601450733,,,,,
365,540,7.213843167,3895.47531,2019/5/9,2019/5/15,0.626549574,,,,,
366,613,7.618673216,4670.246681,2019/5/16,2019/5/22,0.665222526,,,,,
367,551,8.820128258,4859.89067,2019/5/23,2019/5/29,0.779996154,,,,,
368,580,8.286080688,4805.926799,2019/5/30,2019/6/5,0.728979199,,,,,
369,505,8.038483089,4059.43396,2019/6/6,2019/6/12,0.705326483,,,,,
370,942,8.388959474,7902.399824,2019/6/13,2019/6/19,0.738807092,32,3,,,
371,591,8.398792595,4963.686423,2019/6/20,2019/6/26,0.739746439,,,,,
372,844,8.054717311,6798.18141,2019/6/27,2019/7/3,0.70687732,,,,,
373,857,6.093994857,5222.553593,2019/7/4,2019/7/10,0.519571744,,,,,
374,595,7.167187028,4264.476281,2019/7/11,2019/7/17,0.622092566,,,,,
375,509,7.273746863,3702.337153,2019/7/18,2019/7/24,0.632272105,,,,,
376,888,10.11776783,8984.577836,2019/7/25,2019/7/31,0.90395818,33,3,,,
377,952,9.151231719,8711.972597,2019/8/1,2019/8/7,0.811626089,,,,,
378,853,8.49137294,7243.141118,2019/8/8,2019/8/14,0.748590534,,,,,
379,632,7.648798095,4834.040396,2019/8/15,2019/8/21,0.668100321,,,,,
380,653,7.962023352,5199.201249,2019/8/22,2019/8/28,0.698022372,,,,,
381,768,8.853892254,6799.789251,2019/8/29,2019/9/5,0.78322159,,,,,
382,532,8.088899996,4303.294798,2019/9/6,2019/9/12,0.710142753,,,,,
383,442,7.820295319,3456.570531,2019/9/13,2019/9/19,0.684483255,,,,,
384,638,8.519249509,5435.281187,2019/9/20,2019/9/26,0.75125355,,,,,
385,494,8.478250657,4188.255825,2019/9/27,2019/10/3,0.747336977,,,,,
386,516,8.269392637,4267.006601,2019/10/4,2019/10/10,0.727385009,,,,,
387,929,8.014661138,7445.620197,2019/10/11,2019/10/17,0.7030508,,,,,
388,653,7.714158946,5037.345792,2019/10/18,2019/10/24,0.674344168,,,,,
389,844,8.122746282,6855.597862,2019/10/25,2019/10/31,0.71337605,,,,,
390,739,7.853351998,5803.627126,2019/11/1,2019/11/7,0.687641122,,,,,
391,1164,8.518661157,9915.721587,2019/11/8,2019/11/14,0.751197346,34,5,,,
392,1138,7.740238681,8808.391619,2019/11/15,2019/11/21,0.676835536,,,,,
393,1122,8.697797815,9758.929149,2019/11/22,2019/11/28,0.768310066,,,,,
394,902,9.358213852,8441.108895,2019/11/29,2019/12/5,0.831398856,,,,,
395,1041,10.23751449,10657.25259,2019/12/6,2019/12/12,0.915397442,,,,,
396,710,8.088556973,5742.875451,2019/12/13,2019/12/21,0.710109984,,,,,
397,807,8.610891662,6948.989571,2019/12/22,2019/12/28,0.760008021,,,,,
398,738,8.361222409,6170.582138,2019/12/29,2020/1/4,0.736157402,,,,,
399,923,9.683909717,8938.248669,2020/1/5,2020/1/11,0.86251221,,,,,
400,1079,8.564236248,9240.810912,2020/1/12,2020/1/18,0.755551082,,,,,
401,1042,8.583039258,8943.526907,2020/1/19,2020/1/25,0.757347312,,,,,
402,657,8.227307411,5405.340969,2020/1/26,2020/2/1,0.723364655,,,,,
403,839,7.730312081,6485.731836,2020/2/2,2020/2/8,0.675887259,,,,,
404,1137,8.678186772,9867.09836,2020/2/9,2020/2/15,0.766436646,,,,,
405,1046,8.804601491,9209.61316,2020/2/16,2020/2/22,0.778512899,,,,,
406,1356,7.420700294,10062.4696,2020/2/23,2020/2/29,0.646310399,37,1,,,
407,891,7.69741402,6858.395892,2020/3/1,2020/3/7,0.672744545,,,,,
408,1279,7.805452602,9983.173878,2020/3/8,2020/3/14,0.683065347,,,,,
409,907,7.777120365,7053.848171,2020/3/15,2020/3/21,0.680358801,,,,,
410,1283,9.55756374,12262.35428,2020/3/22,2020/3/28,0.850442523,35,1,,,
411,974,8.411693505,8192.989474,2020/3/29,2020/4/4,0.740978848,,,,,
412,848,7.823695882,6634.494108,2020/4/5,2020/4/11,0.684808107,,,,,
413,788,7.995503517,6300.456772,2020/4/12,2020/4/18,0.701220694,,,,,
414,788,8.270106094,6516.843602,2020/4/19,2020/4/25,0.727453164,,,,,
415,725,7.966921163,5776.017843,2020/4/26,2020/5/2,0.698490254,,,,,
416,653,7.44722125,4863.035476,2020/5/3,2020/5/9,0.648843915,,,,,
417,617,7.885285489,4865.221147,2020/5/10,2020/5/16,0.690691692,,,,,
418,727,7.681075091,5584.141591,2020/5/17,2020/5/23,0.671183706,,,,,
419,762,7.746920038,5903.153069,2020/5/24,2020/5/30,0.677473798,,,,,
420,1167,8.636254031,10078.50845,2020/5/31,2020/6/6,0.762430859,36,1,,,
421,838,8.030764001,6729.780233,2020/6/7,2020/6/13,0.704589088,,,,,
422,680,7.137051976,4853.195344,2020/6/14,2020/6/20,0.619213799,,,,,
423,633,7.558231258,4784.360386,2020/6/21,2020/6/27,0.659448574,,,,,
424,923,7.800338207,7199.712165,2020/6/28,2020/7/4,0.682576775,,,,,
425,754,7.631125605,5753.868706,2020/7/5,2020/7/11,0.666412088,,,,,
426,928,7.457949431,6920.977072,2020/7/12,2020/7/18,0.649868766,,,,,
427,923,5.713304488,5273.380042,2020/7/19,2020/7/25,0.483204827,,,,,
428,944,10.10696392,9540.973937,2020/7/26,2020/8/1,0.902926094,37,2,,,
429,650,7.372777393,4792.305305,2020/8/2,2020/8/8,0.641732379,,,,,
430,555,7.741811735,4296.705513,2020/8/9,2020/8/15,0.676985808,,,,,
431,717,7.703441933,5523.367866,2020/8/16,2020/8/22,0.673320384,,,,,
432,728,8.034303693,5848.973088,2020/8/23,2020/8/29,0.70492723,,,,,
433,768,8.449399834,6489.139073,2020/8/30,2020/9/5,0.744580891,,,,,
434,785,8.221696288,6454.031586,2020/9/6,2020/9/12,0.722828631,,,,,
435,768,7.319006731,5620.997169,2020/9/13,2020/9/19,0.636595729,,,,,
436,930,9.568998424,8899.168534,2020/9/20,2020/9/26,0.851534865,38,4,,,
437,568,7.898018817,4486.074688,2020/9/27,2020/10/3,0.691908092,,,,,
438,817,8.515691335,6957.319821,2020/10/4,2020/10/10,0.750913642,,,,,
439,848,7.889076153,6689.936578,2020/10/11,2020/10/17,0.691053809,,,,,
440,932,8.349462134,7781.698709,2020/10/18,2020/10/24,0.735033956,,,,,
441,1045,9.552613402,9982.481005,2020/10/25,2020/10/31,0.849969623,39,4,,,
442,844,7.505536007,6334.67239,2020/11/1,2020/11/7,0.654414657,,,,,
443,1032,6.850383235,7069.595499,2020/11/8,2020/11/14,0.591828661,,,,,
444,782,7.592649118,5937.451611,2020/11/15,2020/11/21,0.662736473,,,,,
445,1067,8.160556288,8707.313559,2020/11/22,2020/11/28,0.716987997,,,,,
446,950,8.114138389,7708.431469,2020/11/29,2020/12/5,0.712553748,,,,,
447,881,8.259911777,7276.982275,2020/12/6,2020/12/12,0.726479313,,,,,
448,1346,9.143677314,12307.38966,2020/12/13,2020/12/19,0.810904425,40,5,,,
449,687,7.033375541,4831.928997,2020/12/20,2020/12/26,0.609309707,,,,,
450,1037,9.465519717,9815.743946,2020/12/27,2021/1/2,0.841649662,,,,,
451,781,8.41274707,6570.355461,2021/1/3,2021/1/9,0.741079494,,,,,
452,895,9.738286012,8715.765981,2021/1/10,2021/1/16,0.867706715,,,,,
453,880,8.927643384,7856.326178,2021/1/17,2021/1/23,0.790266951,,,,,
454,1101,9.245239004,10179.00814,2021/1/24,2021/1/30,0.820606498,,,,,
455,1172,9.665403449,11327.85284,2021/1/31,2021/2/6,0.860744327,41,5,,,
456,920,8.319071851,7653.546103,2021/2/7,2021/2/13,0.732130807,,,,,
457,681,8.315441766,5662.815842,2021/2/14,2021/2/20,0.731784029,,,,,
458,1080,8.48654499,9165.468589,2021/2/21,2021/2/27,0.748129325,,,,,
459,1079,7.894449256,8518.110747,2021/2/28,2021/3/6,0.691567096,,,,,
460,1150,8.278903593,9520.739132,2021/3/7,2021/3/13,0.72829358,,,,,
461,959,8.494216948,8145.954053,2021/3/14,2021/3/20,0.748862218,,,,,
462,1314,8.161518307,10724.23506,2021/3/21,2021/3/27,0.717079897,,,,,
463,1051,7.863457393,8264.49372,2021/3/28,2021/4/3,0.688606479,,,,,
464,1001,8.531440778,8539.972218,2021/4/4,2021/4/10,0.752418168,,,,,
465,993,9.655118331,9587.532502,2021/4/11,2021/4/17,0.859761801,,,,,
466,1590,8.909966217,14166.84628,2021/4/18,2021/4/24,0.788578271,42,5,,,
467,1132,8.789438367,9949.644232,2021/4/25,2021/5/1,0.777064383,,,,,
468,1137,8.511229404,9677.267832,2021/5/2,2021/5/8,0.750487399,,,,,
469,967,8.035716671,7770.538021,2021/5/9,2021/5/15,0.705062211,,,,,
470,1140,8.296275179,9457.753704,2021/5/16,2021/5/22,0.729953067,,,,,
471,1085,8.46777836,9187.539521,2021/5/23,2021/5/29,0.74633657,,,,,
472,1070,8.74511497,9357.273018,2021/5/30,2021/6/5,0.77283022,,,,,
473,650,8.138488078,5290.017251,2021/6/6,2021/6/12,0.714879846,,,,,
474,654,7.596748791,4968.273709,2021/6/13,2021/6/19,0.66312811,,,,,
475,836,7.994044022,6683.020802,2021/6/20,2021/6/26,0.70108127,,,,,
476,623,7.957024394,4957.226197,2021/6/27,2021/7/3,0.697544827,,,,,
477,1120,8.866334839,9930.29502,2021/7/4,2021/7/10,0.784410215,,,,,
478,1136,8.210443356,9327.063653,2021/7/11,2021/7/17,0.721753651,,,,,
479,1146,8.545979544,9793.692558,2021/7/18,2021/7/24,0.75380704,,,,,
480,1076,8.776556007,9443.574264,2021/7/25,2021/7/31,0.775833746,,,,,
481,1072,8.545789785,9161.08665,2021/8/1,2021/8/7,0.753788913,,,,,
482,1138,8.691037346,9890.4005,2021/8/8,2021/8/14,0.767664246,,,,,
483,1195,8.658287125,10346.65311,2021/8/15,2021/8/21,0.764535655,,,,,
484,1169,8.499882871,9936.363077,2021/8/22,2021/8/28,0.749403478,,,,,
485,1375,8.496684033,11682.94055,2021/8/29,2021/9/4,0.749097896,43,3,,,
486,1199,9.036557748,10834.83274,2021/9/5,2021/9/11,0.800671416,,,,,
487,1193,8.425536222,10051.66471,2021/9/12,2021/9/18,0.742301227,,,,,
488,1014,8.943899972,9069.114571,2021/9/19,2021/9/25,0.791819924,,,,,
489,1218,8.394758092,10224.81536,2021/9/26,2021/10/2,0.739361027,,,,,
490,1027,8.344549135,8569.851961,2021/10/3,2021/10/9,0.734564623,,,,,
491,1123,8.806568599,9889.776537,2021/10/10,2021/10/16,0.778700815,,,,,
492,1148,8.672425113,9955.944029,2021/10/17,2021/10/23,0.765886241,,,,,
493,1198,8.785544493,10525.0823,2021/10/24,2021/10/30,0.776692406,,,,,
494,1200,11.12313754,13347.76505,2021/10/31,2021/11/6,1,44,2,,,
495,1064,9.613901175,10229.19085,2021/11/7,2021/11/13,0.855824374,,,,,
496,1322,8.718239973,11525.51324,2021/11/14,2021/11/20,0.770262882,,,,,
497,1217,8.846837602,10766.60136,2021/11/21,2021/11/27,0.782547667,,,,,
498,1209,8.2109909,9927.087998,2021/11/28,2021/12/4,0.721805957,,,,,
499,1072,8.256645629,8851.124114,2021/12/5,2021/12/11,0.726167302,,,,,
500,1100,8.422828505,9265.111356,2021/12/12,2021/12/18,0.742042562,,,,,
501,1070,9.135223176,9774.688798,2021/12/19,2021/12/25,0.810096811,,,,,
502,832,8.585289928,7142.96122,2021/12/26,2022/1/1,0.757562316,,,,,
503,520,7.751479727,4030.769458,2022/1/2,2022/1/9,0.67790938,,,,,
504,955,7.701777833,7355.197831,2022/1/10,2022/1/16,0.673161415,,,,,
505,974,7.768717603,7566.730945,2022/1/17,2022/1/23,0.679556095,,,,,
506,764,8.372551264,6396.629166,2022/1/24,2022/1/30,0.737239635,,,,,
507,496,7.128895583,3535.932209,2022/1/31,2022/2/6,0.618434628,,,,,
508,894,8.410571919,7519.051296,2022/2/7,2022/2/13,0.740871704,,,,,
509,856,7.703955477,6594.585888,2022/2/14,2022/2/20,0.673369443,,,,,
510,847,7.832992386,6634.544551,2022/2/21,2022/2/27,0.685696191,,,,,
511,1079,8.13420857,8776.811047,2022/2/28,2022/3/6,0.714471029,,,,,
512,990,8.597172055,8511.200334,2022/3/7,2022/3/13,0.758697402,,,,,
513,823,7.328913598,6031.695892,2022/3/14,2022/3/20,0.63754212,,,,,
514,1205,9.622370326,11594.95624,2022/3/21,2022/3/28,0.856633422,45,4,,,
515,905,8.440558662,7638.705589,2022/3/29,2022/4/4,0.743736304,,,,,
516,928,8.241511852,7648.122999,2022/4/5,2022/4/11,0.724721589,,,,,
517,940,8.200546103,7708.513336,2022/4/12,2022/4/18,0.720808178,,,,,
518,1120,8.661800092,9701.216103,2022/4/19,2022/4/25,0.764871245,,,,,
519,918,8.728214816,8012.501201,2022/4/26,2022/5/2,0.771215767,,,,,
520,1025,7.266827822,7448.498518,2022/5/3,2022/5/9,0.631611137,,,,,
521,878,7.561813804,6639.27252,2022/5/10,2022/5/16,0.659790811,,,,,
522,1009,8.676279742,8754.36626,2022/5/17,2022/5/23,0.766254469,,,,,
523,1050,8.681892947,9115.987595,2022/5/24,2022/5/30,0.766790692,,,,,
524,1380,9.427337149,13009.72526,2022/5/31,2022/6/7,0.838002125,46,4,,,
525,824,7.67299597,6322.548679,2022/6/8,2022/6/14,0.670411916,,,,,
526,981,7.945017152,7794.061827,2022/6/15,2022/6/21,0.696397789,,,,,
527,827,8.331663904,6890.286048,2022/6/22,2022/6/28,0.733333712,,,,,
528,919,7.957177938,7312.646525,2022/6/29,2022/7/5,0.697559495,,,,,
529,902,8.703592309,7850.640263,2022/7/6,2022/7/12,0.768863607,,,,,
530,871,8.219890112,7159.524287,2022/7/13,2022/7/19,0.722656089,,,,,
531,1181,8.382805725,9900.093561,2022/7/21,2022/7/27,0.738219231,,,,,
532,884,8.170468363,7222.694033,2022/7/28,2022/8/3,0.717934886,,,,,
533,1261,8.839871399,11147.07783,2022/8/4,2022/8/10,0.781882193,47,5,,,
534,1225,10.87563169,13322.64881,2022/8/11,2022/8/17,0.976356048,,,,,
535,1230,9.174238636,11284.31352,2022/8/18,2022/8/24,0.813823913,,,,,
536,1182,8.753498484,10346.63521,2022/8/25,2022/8/31,0.773631087,,,,,
537,932,8.92690548,8319.875907,2022/9/1,2022/9/7,0.79019646,,,,,
538,725,7.742431889,5613.263119,2022/9/8,2022/9/14,0.67704505,,,,,
539,1244,8.957397751,11143.0028,2022/9/15,2022/9/21,0.793109351,,,,,
540,1167,9.485359591,11069.41464,2022/9/22,2022/9/28,0.843544943,,,,,
541,1060,8.818921262,9348.056537,2022/9/29,2022/10/5,0.779880851,,,,,
542,1102,7.653509923,8434.167935,2022/10/6,2022/10/12,0.668550437,,,,,
543,1251,8.491157083,10622.43751,2022/10/13,2022/10/19,0.748569913,,,,,
544,853,8.273811576,7057.561274,2022/10/20,2022/10/26,0.727807145,,,,,
545,1392,8.838928535,12303.78852,2022/10/27,2022/11/3,0.781792122,,,,,
546,1822,9.72970067,17727.51462,2022/11/4,2022/11/12,0.866886567,48,2,,,
547,1877,8.582003381,16108.42035,2022/11/14,2022/11/22,0.757248356,,,,,
548,1206,9.28695823,11200.07163,2022/11/23,2022/11/29,0.824591888,,,,,
549,1315,8.322278886,10943.79674,2022/11/30,2022/12/7,0.732437172,,,,,
550,1353,8.374960022,11331.32091,2022/12/8,2022/12/15,0.73746974,,,,,
551,1290,9.548857573,12318.02627,2022/12/16,2022/12/22,0.849610833,,,,,
552,1024,8.3997906,8601.385575,2022/12/23,2022/12/29,0.739841777,,,,,
